RK2 index,unicode,meaning,strokes,1st on,RK1 index,exe phr kanji,exe phr kana,exe phr eng
1,4e8c,two,2,ni,2,"4e8c,4e16",nisei,second-generation
2,4e09,three,3,mi,3,"4e09,3064,5b50",mitsugo,"three-year-old child;triplets"
3,5973,woman,3,me,98,"5973,795e",megami,"goddess"
4,5343,thousand,3,chi,40,"5343,5cf6",chishima,"Kuril Islands, north of Japan"
5,5de6,left,5,sa,77,"5de6,53f3",sayuu,"left and right;on both sides"
6,4e0d,negative,4,fu,1217,"4e0d,5b89",fuan,"uneasiness"
7,4e16,generation,5,se,28,"4e16,754c",sekai,"world"
8,591a,many,6,ta,108,"591a,5c11",tashou,"more or less"
9,77e5,know,8,chi,1223,"77e5,4eba",chijin,"an acquaintance"
10,5229,profit,7,ri,906,"5229,7528",riyou,"use"
11,4ee5,similar,5,i,1028,"4ee5,4e0a",ijou,"above;more than"
12,548c,harmony,8,wa,897,"5e73,548c",heiwa,"peace"
13,90e8,section,11,he,1845,"90e8,5c4b",heya,"room"
14,7531,wherefore,5,yu,1105,"7531,6765",yurai,"reason;origin"
15,6d41,current,11,ru,764,"6d41,8ee2",ruten,"reincarnation"
16,4fdd,protect,9,ho,1072,"4fdd,5b89",hoan,"security;keeping the peace"
17,7559,detain,10,ru,1423,"7559,5b88",rusu,"absence"
18,6ce2,waves,8,ha,803,"96fb,6ce2",denpa,"radio waves"
19,592a,plump,4,ta,120,"4e38,592a",maruta,"log"
20,6b62,stop,4,to,370,"6b62,307e,308b",tomaru,"to stop"
21,6bd4,compare,4,hi,447,"6bd4,8f03",hikaku,"comparison"
22,6b66,warrior,8,mu,377,"6b66,8005",mushiya,"warrior"
23,8863,garment,6,e,396,"767d,8863",byokue,"white robe"
24,5df1,self,3,ko,525,"81ea,5df1",jiko,"oneself"
25,52a0,add,5,ka,867,"52a0,4eba",kanyuu,"admission (as to a group)"
26,70ba,do,9,i,1918,"884c,70ba",koui,"conduct;actions;deeds"
27,4e0e,bestow,3,yo,1246,"4e0e,515a",yotou,"ruling political party"
28,6c5f,creek,6,e,139,"6c5f,6238",edo,"Edo (old name for Tokyo)"
29,5e7e,"how many",12,ki,1381,"5e7e,4f55,5b66",kikagaku,"geometry"
30,5b87,eaves,6,u,1656,"5b87,5b99",uchuu,"cosmos;universe"
31,6075,favor,10,e,612,"77e5,6075",chie,"wisdom"
32,4ec1,humanity,4,ni,988,"4ec1,738b,9580",niaumon,"Buddhist temple gate with fierce Deva Kings"
33,4f0a,Italy,6,i,1161,"4f0a,592a,5229",itari,"Italy"
34,4e4b,of,3,shi,1214,"4e4b,5b87,5f62",shijikei,"zigzag"
35,9808,ought,12,su,1718,"6025,9808",kyuusu,"Japanese teapot"
36,4e43,from,2,no,686,"4e43,6728,5742",nogizaka,"Nogizaka (place-name)"
37,5948,Nara,8,na,1094,"5948,826f",nara,"Nara (place-name)"
38,4e5f,scorpion,3,ya,0,"4e5f,5bf8,5fd7",yasushi,"Yasushi (man's personal name)"
39,5442,spine,7,ro,24,"98a8,5442",furo,"Japanese bath"
40,65bc,at,8,o,0,"65bc,3051,308b",okeru,"in;at"
41,725f,mu,6,mu,2965,"725f,7530",muta,"Muta (surname)"
42,7962,lingering,9,ne,0,"7962,5b9c",negi,"low-ranking Shinto priest"
43,4e45,long time,3,ku,1016,"4e45,9060",kuon,"eternity"
44,4e95,well,4,i,1806,"4e95,6238",ido,"a well"
45,7f8e,beauty,9,mi,548,"65b0,7f8e",niimi,"Niimi (surname)"
46,826f,good,7,ra,1468,"5948,826f",nara,"Nara (place-name)"
47,5974,guy,5,nu,702,"5974,7530",nuda,"Nuda (surname)"
48,66fd,formerly,11,so,501,"4e2d,66fd,6839",nakasone,"Nakasone (surname)"
49,8a08,plot,9,kei,337,"8a08,753b",keikaku,"scheme;plan"
50,6bdb,fur,4,mou,1913,"6bdb,5e03",moufu,"blanket"
51,793c,salutation,5,rei,1087,"5931,793c",shitsurei,"discourtesy"
52,5b89,relax,6,an,190,"5b89,5fc3",anshin,"peace of mind"
53,5bf8,measurement,3,sun,45,"5bf8,6cd5",sunpou,"measurement"
54,5929,heavens,4,ten,428,"5929,56fd",tengoku,"heaven;paradise"
55,6563,scatter,11,san,1189,"6563,6b69",sanpo,"a walk"
56,9060,distant,13,on,402,"4e45,9060",kuon,"eternity"
57,4e2d,in,4,chuu,39,"4e2d,56fd",chuugoku,"China"
58,5fe0,loyalty,8,chuu,602,"5fe0,544a",chuukoku,"admonition;warning"
59,6c96,"open sea",7,chuu,138,"6c96,5929",chuuten,"ascendancy;rising to the sky"
60,4ef2,go-between,6,chuu,956,"4ef2,4ecb",chuukai,"agency;mediation"
61,8217,shop,15,ho,1839,"5e97,8217",tenpo,"a shop;store"
62,88dc,supplement,12,ho,1840,"88dc,52a9,91d1",hojoukin,"financial subsidy"
63,6355,catch,12,ho,1836,"902e,6355",taiho,"arrest;capture"
64,54fa,fellow,10,ho,0,"54fa,4e73,52d5,7269",honyuudoubutsu,mammal
65,9577,long,8,chou,1920,"793e,9577",shachou,"company president"
66,5f35,lengthen,11,chou,1921,"4e3b,5f35",shuchou,"emphasis;insistence"
67,5e33,notebook,11,chou,1922,"901a,5e33",tsuuchou,"bankbook"
68,8139,dilate,12,chou,1923,"81a8,8139",bouchou,"swelling;inflation"
69,4ed8,adhere,5,fu,1000,"4ed8,4e0e",fuyo,"allowance;grant"
70,5e9c,municipality,8,fu,1002,"653f,5e9c",seifu,government
71,7b26,token,11,fu,1001,"7b26,53f7",fugou,"cipher;mark;symbol"
72,9644,affixed,8,fu,1303,"9644,8fd1",fukin,vicinity
73,8150,rot,14,fu,1023,"8c46,8150",toufu,"bean curd;tofu"
74,7fa9,righteousness,13,gi,641,"7fa9,7406",giri,"social duty;obligation"
75,8b70,deliberation,20,gi,642,"4f1a,8b70",kaigi,"meeting;conference"
76,5100,ceremony,15,gi,984,"793c,5100",reigi,"etiquette;courtesy"
77,72a0,sacrifice,17,gi,643,"72a0,7272",gisei,"sacrifice"
78,9752,blue,8,sei,1534,"9752,5e74",seinen,"young man;youth"
79,7cbe,refined,14,sei,1535,"7cbe,795e",seishin,"mind;psyche"
80,6e05,pure,11,sei,1539,"6e05,6f54",seiketsu,"clean;cleanliness"
81,6674,"clear up",12,sei,1538,"6674,5929",seiten,"clear skies"
82,9759,quiet,14,sei,1540,"9759,6b62",seishi,"a standstill"
83,8acb,solicit,15,sei,1536,"7533,8acb",shinsei,"application;petition"
84,60c5,feelings,11,sei,1537,"98a8,60c5",fuzei,"air;appearance"
85,4e94,five,4,go,5,"4e94,4eba",gonin,"five people"
86,543e,I,7,go,17,"543e,4eba",gojin,"we[rare]"
87,609f,enlightenment,10,go,622,"899a,609f",kakugo,"resolve;preparedness"
88,8a9e,word,14,go,347,"65e5,672c,8a9e",nihongo,"Japanese language"
89,767d,white,5,haku,37,"767d,4eba",hakujin,"white people;Caucasians"
90,6cca,overnight,8,haku,147,"4e00,6cca",ippaku,"a night's stay"
91,8feb,urge,8,haku,282,"5207,8feb",seppaku,"to be tense;be imminent"
92,62cd,clap,8,haku,652,"62cd,624b",hakushu,applause
93,8236,liner,11,haku,1869,"8236,6765,54c1",hakuraihin,"imported goods"
94,4f2f,chief,7,haku,967,"4f2f,4ef2",hakuchuu,"to be equal to;be a match for"
95,5305,wrap,5,hou,530,"5305,4e01",houchou,"kitchen knife;cleaver"
96,7832,cannon,10,hou,532,"9244,7832",teppou,cannon
97,6ce1,bubble,8,hou,533,"6c34,6ce1",suihou,"bubbles;foam"
98,62b1,embrace,8,hou,645,"4ecb,62b1",kaihou,"nursing;care"
99,80de,placenta,9,hou,531,"540c,80de",douhou,"compatriots;countrymen"
100,98fd,sated,13,hou,1480,"98fd,98df",houshoku,"saturation;gluttony"
101,5b22,lass,16,jou,1530,"5b22",jou,"lass;daughter"
102,8b72,defer,20,jou,1528,"8b72,6b69",jouho,"concession;compromise"
103,58cc,lot,16,jou,1529,"571f,58cc",dojou,"the soil"
104,91b8,brew,20,jou,1527,"91b8,9020",jouzou,"brewing;distillation"
105,53ef,can,5,ka,93,"53ef,80fd",kanou,possibility
106,4f55,what,7,ka,1012,"5e7e,4f55,5b66",kikagaku,geometry
107,82db,harsh,8,ka,0,"82db,9177",kakoku,"rigor;severity"
108,8377,baggage,10,ka,1013,"51fa,8377",shukka,"shipping;consignment"
109,6b4c,song,14,ka,469,"6821,6b4c",kouka,"school song"
110,6cb3,river,8,ka,146,"6cb3,5ddd",kasen,"rivers;rivers and streams"
111,5316,change,4,ka,1008,"5316,5b66",kagaku,chemistry
112,82b1,flower,7,ka,1009,"82b1,58c7",kadan,"flower bed;flower garden"
113,8ca8,freight,11,ka,1010,"8ca8,7269",kamou,freight
114,9774,shoes,13,ka,1894,"88fd,9774",seika,shoemaking
115,5de5,craft,3,kou,76,"4eba,5de5",jinkou,"man-made"
116,529f,achievement,5,kou,863,"6210,529f",seikou,success
117,653b,aggression,7,kou,330,"5c02,653b",senkou,"field of specialization"
118,6c5f,creek,3,kou,139,"9577,6c5f",choukou,"long river"
119,7d05,crimson,9,kou,1355,"7d05,8336",koucha,"(black) tea"
120,9805,paragraph,12,kou,82,"9805,76ee",koumoku,"item;clause"
121,8ca2,tribute,10,kou,81,"8ca2,732e",kouken,"service;contribution"
122,5de7,adroit,5,kou,1241,"6280,5de7",gikou,"technique;skill"
123,53f8,director,5,shi,1863,"53f8,4f1a,8005",shikaisha,"chairperson;emcee"
124,8a5e,"parts of speech",12,shi,1865,"6b4c,8a5e",kashi,"song lyrics"
125,98fc,domesticate,13,shi,1866,"98fc,80b2",shiiku,"breeding (of livestock)"
126,4f3a,"pay respects",7,shi,1864,"4f3a,4faf",shikou,"attendance;waiting upon"
127,55e3,heir,13,shi,1867,"55e3,5b50",shishi,"heir;successor"
128,5b98,bureaucrat,8,kan,1271,"6559,5b98",kyoukan,"teacher;professor"
129,7ba1,pipe,14,kan,1273,"7ba1,7406",kanri,"administration;management"
130,68fa,coffin,16,kan,1272,"68fa,8eca",kanshiya,hearse
131,9928,Bldg,16,kan,1478,"9928,9577",kanchou,"building superintendent"
132,5039,frugal,10,ken,1674,"5039,7d04",ken:yaku,economizing
133,9a13,try,18,ken,0,"8a66,9a13",shiken,"test;examination"
134,967a,precipitous,11,ken,1672,"5192,967a",bouken,adventure
135,691c,examination,12,ken,1673,"691c,67fb",kensa,inspection
136,5263,saber,10,ken,1671,"5263,9053",kendou,Japanese fencing
137,9ebb,hemp,11,ma,593,"9ebb,85ac",mayaku,narcotics
138,6469,chafe,15,ma,639,"6469,5929,697c",matenrou,skyscraper
139,78e8,grind,16,ma,594,"7814,78e8",kenma,"grinding;polishing"
140,9b54,witch,21,ma,2178,"9b54,5973",majo,witch
141,58eb,gentleman,3,shi,319,"58eb,5b98",shikan,"commissioned officer"
142,4ed5,attend,5,shi,960,"51fa,4ed5",shusshi,"attendance (at work)"
143,5fd7,intention,7,shi,600,"5bf8,5fd7",sunshi,"small token (of gratitude)"
144,8a8c,document,14,shi,601,"96d1,8a8c",zasshi,magazine
145,7533,speaketh,5,shin,1117,"7533,8acb",shinsei,"application;petition"
146,795e,gods,9,shin,1118,"7cbe,795e",seishin,"mind;psyche"
147,4f38,expand,7,shin,1118,"4f38,5f35",shinchou,"elongation;extension"
148,7d33,sire,11,shin,1361,"7d33,58eb",shinshi,gentleman
149,7d44,association,11,so,1776,"7d44,7e54",soshiki,organization
150,7956,ancestor,9,so,1779,"7956,5148",sosen,ancestors
151,79df,tariff,10,so,1778,"79df,7a0e",sozei,taxation
152,7c97,coarse,11,so,1777,"7c97,672b",somatsu,"crude;shabby"
153,72d9,aim,8,so,0,"72d9,6483",sogeki,"sniping;sharpshooting"
154,963b,thwart,8,so,1780,"963b,6b62",soshi,"obstruction;hindrance"
155,4f4e,lower,7,tei,1831,"4f4e,7d1a",teikyuu,"low-class"
156,62b5,resist,8,tei,1832,"5927,62b5",taitei,"by and large;for the most part"
157,5e95,bottom,8,tei,1833,"6d77,5e95",kaitei,"bottom of the sea"
158,90b8,residence,8,tei,1841,"79c1,90b8",shitei,"private residence"
159,9069,suitable,14,teki,441,"9069,5207",tekisetsu,"apt;fitting"
160,6575,enemy,15,teki,443,"6575,5730",tekichi,"enemy territory"
161,6458,pinch,14,teki,657,"6307,6458",shiteki,"pointing out;indication"
162,6ef4,drip,14,teki,442,"4e00,6ef4",itteki,"one drop"
163,500d,double,10,bai,965,"4e09,500d",sanbai,"triple;three times"
164,57f9,cultivate,11,bai,477,"57f9,990a",baiyou,"nurture;cultivate"
165,966a,auxillary,11,bai,1299,"966a,98df",baishoku,"dining with a superior"
166,8ce0,compensation,15,bai,476,"8ce0,511f",baishou,"compensation;indemnity"
167,534a,half,5,han,1286,"534a,5206",hanbun,half
168,5224,judgment,7,han,1289,"5224,5b9a",hantei,judgment
169,7554,"paddy ridge",10,han,1288,"6e56,7554",kohan,"lakeside;along a lake"
170,4f34,consort,7,han,1287,"540c,4f34",douhan,"company;companion"
171,8b1b,lecture,17,kou,1957,"8b1b,7fa9",kougi,lecture
172,69cb,posture,14,kou,1959,"6a5f,69cb",kikou,"organization;structure"
173,8cfc,subscription,17,kou,1958,"8cfc,5165",kounyuu,"purchase;buying"
174,6e9d,gutter,13,kou,1960,"6392,6c34,6e9d",haisuikou,"waterway;drainage ditch"
175,66f9,cadet,11,sou,1257,"6cd5,66f9,754c",housoukai,"legal circles;judicial world"
176,69fd,vat,15,sou,1260,"6c34,69fd",suisou,"water tank"
177,906d,encounter,14,sou,1258,"906d,9047",sougou,encounter
178,6f15,rowing,14,sou,1259,"56de,6f15",kaisou,"sea carriage;marine transport"
179,7686,all,9,kai,484,"7686,7121",kaimu,"nothing at all"
180,968e,story,12,kai,1406,"968e,7d1a",kaikyuu,"social class"
181,6977,"block letters",13,kai,485,"6977,66fa",kaisho,"block (square-style) letters"
182,8ae7,orderliness,16,kai,486,"8ae7,8abf",kaichou,"melody;concord"
183,50da,colleague,14,ryou,1842,"5b98,50da",kanryou,bureaucracy
184,5bee,dormitory,15,ryou,1844,"5bee,9577",ryouchou,"dormitory superintendent"
185,77ad,obvious,17,ryou,1843,"660e,77ad",meiryou,"clear;apparent"
186,7642,heal,17,ryou,1845,"7642,990a",ryouyou,"medical care;recuperation"
187,91c7,grab,8,sai,791,"91c7,5730",saichi,"fief;domain"
188,63a1,pick,11,sai,792,"63a1,70b9",saiten,"grading exams"
189,83dc,vegetable,11,sai,793,"91ce,83dc",yasai,"vegetables"
190,5f69,coloring,11,sai,1850,"5f69,8272",saishiki,coloring
191,55a9,metaphor,12,yu,308,"6bd4,55a9",hiyu,metaphor
192,8f38,transport,16,yu,307,"8f38,51fa",yushutsu,exports
193,6109,pleasure,12,yu,675,"6109,697d",yuraku,"pleasure;joy"
194,8aed,rebuke,16,yu,376,"6559,8aed",kyouyu,instructor
195,7652,healing,18,yu,2193,"7652,7740",yuchaku,"conglutination;healing up"
196,6731,vermilion,6,shu,235,"6731,7b46",shuhitsu,"red (vermilion) brush"
197,6b8a,particularly,10,shu,873,"7279,6b8a",tokushu,"special;particular"
198,73e0,pearl,10,shu,274,"771f,73e0",shinju,pearl
199,8def,path,13,ro,1376,"9053,8def",douro,road
200,8cc2,graft,13,ro,313,"8cc4,8cc2",wairo,bribe
201,9732,dew,21,ro,1377,"9732,9aa8",rokou,"frank;plain"
202,5e63,cash,15,hei,1118,"7d19,5e63",shihei,"paper money"
203,853d,"cover over",15,hei,1119,"96a0,853d",inpei,"cover-up"
204,5f0a,abuse,15,hei,1120,"5f0a,5bb3",heigai,"evil;abuse"
205,53ca,"reach out",3,kyuu,743,"666e,53ca",fukyuu,dissemination
206,5438,suck,6,kyuu,744,"5438,53ce",kyuushuu,absorption
207,7d1a,class,9,kyuu,1453,"9ad8,7d1a",koukyuu,"top grade;high quality"
208,77e5,know,8,chi,1308,"77e5,6075",chie,wisdom
209,75f4,stupid,13,chi,1814,"75f4,6f22",chiken,"molester (of women)"
210,667a,wisdom,12,chi,1309,"4e0a,667a",jouchi,"supreme wisdom"
211,5974,guy,5,do,758,"5974,96b7",dorei,slave
212,6012,angry,9,do,759,"6012,6c17",doki,"anger;indignation"
213,52aa,toil,7,do,929,"52aa,529b",doryoku,"effort;exertion"
214,6c38,eternity,5,ei,139,"6c38,9060",eien,eternity
215,6cf3,swim,8,ei,144,"6c34,6cf3",suiei,swimming
216,8a60,recitation,12,ei,369,"8a60,6b4c",eika,chant
217,5674,erupt,15,fun,1281,"5674,6c34",funsui,fountain
218,61a4,aroused,15,fun,1283,"7fa9,61a4",gifun,"righteous indignation"
219,58b3,tomb,15,fun,1282,"53e4,58b3",kofun,"tumulus;old burial grounds"
220,5449,give,7,go,2046,"5449,670d",gofuku,"dry goods;tapestries"
221,5a2f,recreation,10,go,2047,"5a2f,697d",goraku,"amusement;entertainment"
222,8aa4,mistake,14,go,2048,"8aa4,89e3",gokai,misunderstanding
223,7de8,compilation,15,hen,1966,"7de8,96c6",henshuu,editing
224,504f,partial,11,hen,1964,"504f,898b",henken,bias
225,904d,everywhere,12,hen,1965,"666e,904d",fuhen,universal
226,6148,mercy,13,ji,1490,"6148,611b",jiai,"charity"
227,78c1,magnet,14,ji,1491,"78c1,6c17",jiki,magnetism
228,6ecb,nourishing,12,ji,1489,"6ecb,990a",jiyou,nourishment
229,5ef7,courts,7,tei,547,"51fa,5ef7",shuttei,"appearance in court"
230,8247,rowboat,13,tei,2021,"8266,8247",kantei,"naval vessels;a fleet"
231,5ead,courtyard,10,tei,634,"6821,5ead",koutei,"school grounds;campus"
232,904e,overdo,12,ka,1389,"901a,904e",tsuuka,"transit;passage"
233,6e26,whirlpool,12,ka,1387,"6e26,4e2d",kachuu,"in a whirlpool"
234,798d,calamity,13,ka,1386,"798d,798f",kafuku,"fortune and misfortune"
235,5751,pit,7,kou,328,"5751,9053",koudou,"mine shaft"
236,822a,navigate,10,kou,2014,"822a,6d77",koukai,"sea voyage;crossing the ocean"
237,6297,confront,7,kou,700,"62b5,6297",teikou,resistance
238,5de8,gigantic,5,kyo,920,"5de8,4eba",kyojin,"a giant"
239,62d2,repel,8,kyo,921,"62d2,5426",kyou,"denial;rejection"
240,8ddd,"long distance",12,kyo,1375,"8ddd,96e2",kyori,distance
241,71e5,parch,17,sou,228,"4e7e,71e5",kansou,dryness
242,64cd,maneuver,16,sou,724,"64cd,7e26",soujuu,"piloting;maneuvering"
243,85fb,seaweed,19,sou,2191,"6d77,85fb",kaisou,seaweed
244,6c42,request,7,kyuu,1004,"8981,6c42",youkyuu,"demand;request"
245,6551,salvation,11,kyuu,1006,"6551,6025,8eca",kyuukyuusha,ambulance
246,7403,ball,11,kyuu,1005,"91ce,7403",yakyuu,baseball
247,4e8c,two,2,ni,2,"5341,4e8c",juuni,twelve
248,5f10,II,6,ni,379,"5f10,4e07,5186",niman:en,"20,000 yen"
249,4ec1,humanity,4,ni,1063,"4ec1,738b,9580",niaumon,"temple gate with Deva Kings"
250,7e2b,sew,16,hou,1685,"7e2b,5408",hougou,"suture;stitching"
251,5cf0,summit,10,hou,1683,"9ad8,5cf0",kouhou,"lofty peak"
252,8702,bee,13,hou,1684,"8702,8d77",houki,"insurrection;uprising"
253,5148,before,6,sen,263,"5148,751f",sensei,teacher
254,6d17,wash,9,sen,264,"6d17,8eca",sensha,"car wash"
255,9291,"pig iron",14,sen,288,"9291,9244",sentetsu,"pig iron"
256,65b0,new,13,shin,1619,"65b0,805e",shinbun,newspaper
257,85aa,firewood,16,shin,1620,"85aa,6c34",shinsui,"fuel and water"
258,89aa,parent,16,shin,1621,"89aa,5207",shinsetsu,"kind;thoughtful"
259,4fb5,encroach,9,shin,1231,"4fb5,5165",shinnyuu,invasion
260,6d78,immersed,10,shin,1232,"6d78,6c34",shinsui,flooding
261,5bdd,"lie down",13,shin,1233,"5bdd,5ba4",shinshitsu,bedroom
262,7ae0,badge,11,shou,464,"6587,7ae0",bunshou,"a sentence (of writing)"
263,5f70,patent,14,shou,1851,"8868,5f70",hyoushou,commendation
264,969c,hinder,14,shou,1393,"969c,5b50",shouji,"Japanese sliding paper windows"
265,671d,morning,12,chou,53,"671d,98df",choushoku,breakfast
266,5632,derision,15,chou,54,"5632,7f75",chouba,taunt
267,6f6e,tide,15,chou,152,"6e80,6f6e",manchou,"high tide"
268,5dde,state,6,shuu,135,"672c,5dde",honshuu,"Japan's main island"
269,6d32,continent,9,shuu,2386,"516d,5927,6d32",rokudaishuu,"the six continents"
270,916c,repay,13,shuu,1540,"5fdc,916c",oushuu,"retort;repartee"
271,6cc9,spring,9,sen,140,"6cc9,6c34",sensui,"natural spring"
272,817a,gland,13,sen,141,"6c57,817a",kansen,"sweat gland"
273,7dda,line,15,sen,1438,"7dda,8def",senro,"railroad tracks"
274,58ee,robust,6,sou,343,"58ee,5927",soudai,"grandeur;magnificence"
275,8358,villa,9,sou,344,"5225,8358",bessou,"resort;villa"
276,88c5,attire,12,sou,425,"670d,88c5",fukusou,"dress;attire"
277,76f8,inter-,9,sou,222,"76f8,8ac7",soudan,consultation
278,60f3,concept,13,sou,656,"601d,60f3",shisou,"thought;thinking"
279,971c,frost,17,sou,455,"971c,5bb3",sougai,"frost damage"
280,5247,rule,9,soku,92,"53cd,5247",hansoku,"foul;infraction"
281,6e2c,fathom,12,soku,160,"6e2c,91cf",sokuryou,"surveying;fathoming"
282,5074,side,11,soku,1049,"5074,9762",sokumen,"aspect;facet"
283,4ee3,substitute,5,tai,1080,"4ea4,4ee3",koutai,"taking turns;exchange"
284,8cb8,lend,12,tai,1082,"8cb8,4e0e",taiyo,"loan;lending"
285,888b,sack,11,tai,1081,"90f5,888b",yuutai,"mail pouch;mailbag"
286,4e19,"third class",5,hei,1096,"7532,4e59,4e19",kouotsuhei,"A, B, C"
287,67c4,design,9,hei,1097,"6a2a,67c4",ouhei,arrogance
288,75c5,ill,10,hei,1813,"75e5,75c5",shippei,illness
289,7384,mysterious,5,gen,1484,"7384,95a2",genkan,"front foor;main entrance"
290,5f26,bowstring,8,gen,1487,"6b63,5f26",seigen,sine
291,8237,gunwale,11,gen,2015,"8237,7a93",gensou,porthole
292,5584,virtuous,12,zen,1112,"6148,5584",jizen,benevolence
293,81b3,"dining tray",16,zen,1113,"304a,81b3",ozen,"table tray;serving of food"
294,7e55,darning,18,zen,1433,"4fee,7e55",shuuzen,"repair;mending"
295,9060,distant,13,en,429,"6c38,9060",eien,eternity
296,5712,park,13,en,629,"5ead,5712",teien,"Japanese garden"
297,733f,monkey,13,en,430,"91ce,733f",yaen,"wild monkey"
298,5e1d,sovereign,9,tei,466,"5e1d,56fd",teikoku,empire
299,8ae6,renunciation,16,tei,467,"8ae6,89b3",teikan,"resignation (to)"
300,7de0,tighten,15,tei,1440,"7de0,7d50",teiketsu,"conclusion (of a treaty, contract)"
301,8db3,leg,7,soku,1372,"4e0d,8db3",fusoku,insufficiency
302,4fc3,stimulate,9,soku,1373,"4fc3,9032",sokushin,"promotion;facilitation"
303,6349,nab,10,soku,1374,"6355,6349",hosoku,"capture;apprehension"
304,82d7,seedling,8,byou,249,"7a2e,82d7",shubyou,"seeds and seedlings"
305,63cf,sketch,11,byou,723,"70b9,63cf",tenbyou,"a sketch;profile"
306,732b,cat,11,byou,259,"611b,732b",aibyou,"cat"
307,5bb6,house,10,ka,580,"5bb6,5ead",katei,home
308,5ac1,"marry into",13,ka,581,"8ec2,5ac1",tenka,"remarrying (archaic)"
309,7a3c,earnings,15,ka,959,"7a3c,52d5",kadou,"operation (of a factory);work"
310,672b,extremity,9,matsu,230,"7c97,672b",somatsu,"crude;shabby"
311,6cab,splash,8,matsu,232,"6ce1,6cab",houmatsu,"bubbles;foam"
312,62b9,rub,8,matsu,694,"62b9,6bba",massatsu,obliteration
313,5ce1,gorge,9,kyou,1355,"6d77,5ce1",kaikyou,"straits;sound;channel"
314,72ed,cramped,9,kyou,1356,"504f,72ed",henkyou,"narrow-minded"
315,631f,sandwiched,9,kyou,1357,"631f,6483",kyougeki,"catch in a crossfire"
316,6a4b,bridge,16,kyou,460,"9244,6a4b",tekkyou,"iron bridge"
317,77ef,rectify,17,kyou,1306,"77ef,6b63",kyousai,"reform;correction"
318,5b0c,attractive,15,kyou,461,"611b,5b0c",aikyou,"affable;charming"
319,4faf,marquis,9,kou,1767,"738b,4faf",oukou,"kings and princes"
320,5589,throat,12,kou,1768,"54bd,5589",inkou,throat
321,5019,climate,10,kou,1769,"5019,88de",kouho,candidacy
322,5c48,yield,8,kutsu,1140,"9000,5c48",taikutsu,boredom
323,6398,dig,11,kutsu,1141,"63a1,6398",saikutsu,mining
324,7a9f,cavern,13,kutsu,1420,"6d1e,7a9f",doukutsu,cavern
325,5efa,build,9,ken,417,"5efa,8b70",kengi,proposal submission
326,9375,key,17,ken,418,"9375,76e4",kenban,keyboard
327,5065,healthy,11,ken,1048,"4fdd,5065",maken,"health protection;hygiene"
328,51e1,mediocre,3,han,66,"51e1,4f8b",hanrei,"introductory remarks"
329,5e06,sail,6,han,434,"5e06,8239",hansen,"sailing vessel"
330,6c4e,pan-,6,han,147,"6c4e,30a1,30e1,30ea,30ab",hanamerika,"pan-American"
331,52e4,diligence,12,kin,1700,"51fa,52e4",shukkin,"going to work"
332,50c5,trifle,12,kin,1699,"50c5,3005",kinkin,"only;no more than"
333,8b39,discreet,17,kin,1698,"8b39,5448",kintei,"compliments of the author"
334,5e7e,how many,12,ki,1481,"5e7e,4f55,5b66",kikagaku,geometry
335,757f,capital suburbs,15,ki,1483,"8fd1,757f",kinki,"capital suburbs (around Kyoto)"
336,6a5f,mechanism,16,ki,1482,"6a5f,4f1a",kikai,opportunity
337,9332,record,16,roku,1226,"8a18,9332",kiroku,"record;annals"
338,7dd1,green,14,roku,1471,"7dd1,9752",rokushou,verdigris;green rust
339,5143,beginning,4,gan,63,"5143,65e5",ganjitsu,New Year's Day
340,9811,stubborn,13,gan,65,"9811,56fa",ganko,stubborn;hardheaded
341,5354,co-,8,kyou,937,"5354,529b",kyouryoku,cooperation
342,8105,threaten,10,kyou,936,"8105,8feb",kyouhaku,blackmail
343,7dcf,general,14,sou,1466,"7dcf,8a08",souhai,sum total
344,7a93,window,11,sou,811,"540c,7a93",dousou,alumni
345,5531,chant,11,shou,21,"5531,6b4c",shouka,singing
346,6676,sparkle,12,shou,22,"6c34,6676",suishou,crystal
347,5fcd,endure,7,nin,642,"5fcd,8005",ninja,ninja
348,8a8d,acknowledge,14,nin,643,"5426,8a8d",hinin,disappoval;denial
349,8c9e,upright,9,tei,58,"8c9e,64cd",teisou,chastity
350,5075,spy,11,tei,1056,"5185,5075",naitei,scouting
351,5b89,relax,6,an,202,"5b89,5fc3",anshin,peace of heart
352,6848,plan,10,an,227,"6848,5185",annai,guiding;information
353,4f10,fell,6,batsu,1069,"4f10,63a1",bassai,felling trees;deforestation
354,95a5,clique,14,batsu,1746,"6d3e,95a5",habatsu,clique;faction
355,66b4,outburst,15,baku,1941,"66b4,9732",bakuro,disclosure;uncovering
356,7206,bomb,19,baku,1942,"7206,767a",bakuhatsu,explosion
357,5192,risk,9,bou,18,"5192,967a",bouken,adventure
358,5e3d,cap,12,bou,436,"5e3d,5b50",boushi,hat;cap
359,5851,model,13,so,2110,"5851,8c61",sozou,figurine
360,9061,go upstream,13,so,2111,"9061,53ca",sokyuu,retroaction
361,96e2,detach,18,ri,1605,"96e2,9678",ririku,take off (airplane)
362,7483,crystal,14,ri,1606,"7460,7483",ruri,lapis lazuli gem
363,50d5,me,14,boku,1933,50d5,boku,I;me
364,64b2,slap,15,boku,1932,"64b2,6bba",bokusatsu,clubbing to death
365,7121,nothingness,12,bu,1913,"7121,793c",burei,discourtesy
366,821e,dance,15,bu,1912,"821e,53f0",butai,(theatre) stage
367,755c,livestock,10,chiku,1485,"5bb6,755c",kachiku,livestock;domestic animals
368,84c4,amass,13,chiku,1486,"84c4,96fb,6c60",chikudenchi,storage battery cell
369,9762,mask,9,men,2039,"9762,5012",mendou,troublesome
370,9eba,noodles,16,men,2040,"9eba,985e",menrui,noodles
371,5fb4,indications,14,chou,952,"8c61,5fb4",shouchou,symbol
372,61f2,penal,18,chou,953,"61f2,7f70",choubatsu,punishment;disciplinary action
373,52d5,move,11,dou,1806,"81ea,52d5,8eca",jidousha,automobile
374,50cd,work,13,dou,1809,"52b4,50cd",roudou,labor
375,9053,road-way,12,dou,295,"83ef,9053",kadou,Japanese flower arranging
376,5c0e,guidance,15,dou,296,"6307,5c0e",shidou,guidance
377,6211,ego,7,ga,690,"81ea,6211",jiga,ego
378,9913,starve,15,ga,1586,"98e2,9913",kiga,starvation;famishing
379,666e,universal,12,fu,1925,"666e,53ca",fukyuu,dissemination
380,8b5c,musical score,19,fu,1926,"697d,8b5c",gakufu,musical score
381,6bd4,compare,4,hi,482,"6bd4,8f03",hikaku,comparison
382,6279,criticism,7,hi,701,"6279,5224",hihan,criticism
383,5351,lowly,8,hi,1629,"5351,5c48",hikutsu,sneaky;obsequious
384,7891,tombstone,13,hi,1630,"7891,9298",himei,epitaph;monument inscription
385,540d,name,6,mei,117,"6709,540d",yuumei,famous
386,9298,inscription,14,mei,293,"7891,9298",himei,epitaph;monument inscription
387,5229,profit,7,ri,972,"5229,7528",riyou,use
388,75e2,diarrhea,12,ri,1832,"4e0b,75e2",geri,diarrhea
389,670b,companion,8,hou,19,"670b,53cb",houyou,friend;companion
390,5d29,crumble,11,hou,836,"5d29,58ca",houkai,collapse
391,8868,surface,8,hyou,1666,"8868,88c5",hyousou,mounting (a picture or hanging)
392,4ff5,bag,10,hyou,1667,"571f,4ff5",dohyou,sandbags;sumo ring
393,5c09,military officer,11,i,1176,"5c09,5b98",ikan,company officer (low-ranking)
394,6170,consolation,15,i,1177,"6170,5b89",ian,solace;comfort
395,4e57,ride,9,jou,1709,"4e57,8eca",jousha,riding in a car
396,5270,surplus,11,jou,1710,"904e,5270",kajou,excess
397,53d7,accept,8,ju,794,"53d7,9a13",juken,sit for an exam
398,6388,impart,11,ju,795,"6559,6388",kyuuju,professor
399,9700,demand,14,ju,1249,"9700,8981",juyou,demand (economic)
400,5112,Confucian,16,ju,1250,"5112,5b66",jukaku,Confucianism
401,5f93,accompany,10,juu,942,"5f93,4e8b",juuji,engagement;pursuit
402,7e26,vertical,16,juu,1436,"64cd,7e26",soujuu,piloting;manuevering
403,587e,cram school,14,juku,331,"587e,9577",jukuchou,private school principal
404,719f,mellow,15,juku,332,"6210,719f",seijuku,ripeness;maturity
405,65ec,decameron,6,jun,71,"4e2d,65ec",chuujun,middle ten days of the month
406,6b89,martyrdom,10,jun,872,"6b89,6b7b",junshi,martyr's death
407,76fe,shield,9,jun,1997,"77db,76fe",mujun,contradiction
408,5faa,sequential,12,jun,1998,"5faa,74b0",junkan,cycle;rotation
409,8ff0,mention,8,jutsu,1643,"53d9,8ff0",jojutsu,description
410,8853,art,11,jutsu,1644,"6280,8853",gijutsu,technology
411,65ac,chop off,11,zan,1215,"65ac,9996",zanshu,decapitation
412,66ab,temporarily,15,zan,1216,"66ab,5b9a",zantei,provisional;temporary
413,4ecb,jammed in,4,kai,265,"4ef2,4ecb",chuukai,mediation
414,754c,world,9,kai,266,"4e16,754c",sekai,world
415,6212,commandment,7,kai,730,"6212,5f8b",kairitsu,precepts (Buddhist)
416,68b0,contraption,11,kai,730,"6a5f,68b0",kikai,machine;mechanism
417,58ca,demolition,16,kai,427,"5d29,58ca",houkai,destruction;collapse
418,61d0,pocket,16,kai,891,"8ff0,61d0",jukkai,reminiscences
419,8cab,pierce,11,kan,106,"8cab,901a",kentsuu,piercing;penetration
420,6163,accustomed,14,kan,674,"7fd2,6163",shuuken,custom;habit;convention
421,63db,interchange,12,kan,1122,"4ea4,63db",koukan,interchange;exchange
422,559a,yell,12,kan,1121,"53ec,559a",shouken,summons
423,9084,send back,16,kan,900,"9084,5143",kangen,reduction
424,74b0,ring,17,kan,899,"5faa,74b0",junkan,cycle;rotation
425,9593,interval,12,kan,1747,"6642,9593",jikan,time
426,7c21,simplicity,18,kan,1749,"7c21,5358",kantan,simple;uncomplicated
427,8133,brain,11,nou,2084,"9996,8133",shunou,head of state or government
428,60a9,trouble,10,nou,2085,"82e6,60a9",kunou,suffering;distress
429,968f,follow,12,zui,1395,"968f,5206",zuibun,fairly;pretty much
430,9ac4,marrow,19,zui,1385,"8133,9ac4",nouzui,brains
431,9ec4,yellow,11,ou,1887,"9ec4,91d1",ougon,gold
432,6a2a,sideways,15,ou,1888,"6a2a,65ad",oudan,crossing;cutting across
433,6e13,mountain stream,11,kei,903,"6e13,8c37",keikoku,dale;valley
434,9d8f,chicken,19,kei,2097,"9d8f,5375",keiran,hen eggs
435,770c,prefecture,9,ken,552,"770c,5e81",kenchou,prefectural office
436,61f8,suspend,20,ken,1495,"61f8,8cde",kenshou,reward;prize
437,6c17,spirit,6,ki,2030,"5929,6c17",tenki,weather
438,6c7d,vapor,7,ki,2031,"6c7d,8eca",kisha,locomotive (steam)
439,9ad8,tall,10,kou,329,"9ad8,6821",koukou,high school
440,7a3f,draft,15,kou,958,"539f,7a3f",genkou,manuscript;original draft
441,52c7,courage,9,yuu,1509,"52c7,6c17",yuuki,bravery;manhood
442,6e67,bubble up,12,yuu,1510,"6e67,51fa",yuushutsu,eruption;gushing forth
443,8352,laid waste,9,kou,527,"8352,91ce",kouya,wasteland
444,614c,disconcerted,12,kou,671,"6050,614c",kyoukou,panic;alarm
445,611b,love,13,ai,796,"611b,60c5",aijou,affection
446,66d6,unclear,17,ai,797,"66d6,6627",aimai,vague;unclear
447,61c7,sociable,17,kon,2123,"61c7,89aa,4f1a",konshinkai,social reunion;reception
448,58be,groundbreaking,16,kon,2124,"958b,58be",kaikon,reopening a wasteland
449,9aa8,skeleton,10,kotsu,1383,"9aa8,9ac4",kotsuzui,marrow
450,6ed1,slippery,13,kotsu,1384,"6ed1,7a3d",kokkei,ridiculous
451,90ce,son,9,rou,1995,"65b0,90ce",shinrou,bridegroom
452,5eca,corridor,12,rou,1996,"753b,5eca",garou,painting gallery
453,518a,tome,5,saku,1967,"77ed,518a",tanzaku,slips of paper for poems
454,67f5,palisade,9,saku,1968,"9244,67f5",tessaku,iron railing
455,52f2,meritorious deed,15,kun,1808,"52f2,529f",kunkou,distinguished service
456,85ab,fragrant,16,kun,1812,"85ab,98a8",kunbuu,light breeze
457,5374,instead,7,kyaku,1497,"8fd4,5374",henkyaku,return;reimbursement
458,811a,shins,11,kyaku,1498,"811a,672c",kyakuhon,script;screenplay
459,90f7,hometown,11,kyou,1993,"6545,90f7",kokyou,hometown
460,97ff,echo,20,kyou,1994,"666f,97ff",eikyou,influence
461,5883,boundary,14,kyou,523,"5883,754c",kyoukai,boundary
462,93e1,mirror,19,kyou,522,"93e1,53f0",kyoudai,mirror-stand;dresser
463,6162,ridicule,14,man,892,"6211,6162",gaman,patience;tolerance
464,6f2b,loose,14,man,893,"6f2b,753b",manga,comics
465,660e,bright,18,mei,20,"8aae,660e",setsumei,explanation
466,76df,alliance,13,mei,1558,"540c,76df",doumei,alliance;association
467,6c11,people,5,min,1976,"56fd,6c11",kokumin,people (of a country)
468,7720,sleep,10,min,1977,"5b89,7720",anmin,peaceful sleep
469,7136,sort of thing,12,nen,256,"5929,7136",tennen,natural
470,71c3,burn,16,nen,549,"53ef,71c3,6027",kanensei,combustibility
471,66a6,calendar,14,reki,226,"9084,66a6",kanreki,sixtieth birthday
472,6b74,curriculum,14,reki,402,"6b74,53f2",rekishi,history
473,8fb2,agriculture,13,nou,2170,"8fb2,5b66,6821",nougakkou,agricultural school
474,6fc3,concentrated,16,nou,2171,"6fc3,539a",noukou,thickness;density
475,7981,prohibition,13,kin,1179,"7981,6b62",kinshi,prohibition
476,895f,collar,18,kin,1180,"895f,5ea6",kindo,magnanimity
477,5211,punish,6,kei,734,"6b7b,5211",shikei,death penalty
478,578b,mould,9,kei,735,"539f,578b",genkei,model;prototype
479,5bdf,guess,14,satsu,1184,"8b66,5bdf",keisatsu,police
480,64e6,grate,17,satsu,1185,"6469,64e6",masatsu,friction;chafing
481,53cc,pair,4,sou,753,"53cc,65b9",souhou,both sides
482,6851,mulberry,10,sou,754,"6851,5712",souen,mulberry orchard
483,5e2f,sash,10,tai,444,"5730,5e2f",chitai,geographical zone
484,6ede,stagnate,13,tai,445,"6ede,8ca8",taika,freight backlog
485,5b85,home,6,taku,2065,"81ea,5b85",jitaku,private residence
486,8a17,consign,10,taku,2066,"795e,8a17",shintaku,oracle;revelation
487,5448,display,7,tei,280,"8b39,5448",kintei,compliments of the author
488,7a0b,extent,12,tei,960,"7a0b,5ea6",teido,extent;degree
489,73ed,squad,10,han,1315,"73ed,9577",hanchou,squad leader
490,6591,speckled,12,han,1865,"6591,70b9",hanten, specks
491,4ead,pavilion,9,tei,333,"6599,4ead",ryoutei,Japanese-style restaurant
492,505c,halt,11,tei,1051,"505c,6b62",teishi,suspension;ban
493,5fb9,penetrate,15,tetsu,951,"5fb9,5e95,7684",tetteiteki,thoroughgoing;radical
494,64a4,remove,15,tetsu,822,"64a4,56de",tekkai,withdrawal;revocation
495,5ea6,degrees,9,to,1278,"6cd5,5ea6",hotto,ban
496,6e21,transit,12,to,1279,"6e21,822a",tokou,voyage
497,5510,T'ang,10,tou,1241,"5510,7a81",toutotsu,abrupt
498,7cd6,sugar,16,tou,1242,"7802,7cd6",satou,sugar
499,5009,godown,10,sou,1758,"5eab,5009",souko,warehouse
500,5275,genesis,12,sou,1759,"5275,9020",souzou,creation
501,8b21,Noh chanting,16,you,2119,"6c11,8b21",minyou,folk song
502,63fa,swing,12,you,2118,"52d5,63fa",douyou,tremor
503,8981,need,9,you,1730,"9700,8981",juyou,demand (opposite of supply)
504,8170,loins,13,you,1731,"8170,90e8",youbu,hips;waist area
505,5bb9,contain,10,you,853,"5185,5bb9",naiyou,contain
506,6eb6,melt,13,you,854,"6eb6,89e3",youkai,melting
507,6182,melancholy,15,yuu,663,"6182,6101",yuushuu,gloom;melancholy
508,512a,tenderness,17,yuu,1068,"4ff3,512a",haiyuu,actor
509,79cb,autumn,9,shuu,966,"79cb,5b63",shuuki,autumn season
510,6101,distress,13,shuu,967,"6182,6101",yuushuu,gloom;melancholy
511,590f,summer,10,ka,317,"590f,671f",kaki,summertime
512,5be1,widow,14,ka,664,"591a,5be1",taka,amount;quantity
513,8c61,elephant,12,zou,2130,"8c61",zou,elephant
514,50cf,statue,14,zou,2131,"60f3,50cf",souzou,imagination;fantasy
515,8535,storehouse,15,zou,913,"8535,66f8",zousho,library;collection of books
516,81d3,entrails,19,zou,914,"5fc3,81d3",shinzou,heart (organ)
517,5bbf,inn,11,shuku,1070,"5bbf,6cca",shukuhaku,room and board
518,7e2e,shrink,17,shuku,1434,"7e2e,5c0f",shukushou,shrinking
519,91cf,quantity,12,ryou,189,"6e2c,91cf",sokuryou,surveying;measuring
520,7ce7,provisions,18,ryou,995,"7ce7,98df",ryoushoku,food provisions
521,6d41,current,10,ryuu,826,"6d41,52d5",ryuudou,flowing
522,786b,sulfur,12,ryuu,825,"786b,5b89",ryuuan,ammonium sulfate
523,53c2,visit,8,san,1856,"53c2,52a0",sanka,participation
524,60e8,wretched,11,san,1857,"60b2,60e8",hisan,wretchedness
525,5236,system,8,sei,447,"5236,5ea6",seido,system
526,88fd,made in,14,sei,448,"88fd,9774",seika,shoemaking
527,5207,cut,4,setsu,89,"89aa,5207",shinsetsu,kind
528,7a83,stealth,9,setsu,1419,"7a83,53d6",sesshu,theft
529,5c04,shoot,10,sha,1338,"653e,5c04",housha,radiation
530,8b1d,apologize,17,sha,1339,"8b1d,793c",sharei,honorarium
531,653e,set free,8,hou,535,"653e,5c04",housha,radiation;emission
532,5023,emulate,10,hou,1053,"6a21,5023",mohou,imitation;copying
533,5347,measuring box,4,shou,42,"4e00,5347",isshou,one measure (of sake)
534,6607,rise up, 8,shou,43,"4e0a,6607",joushou,rise;ascent
535,7126,char,12,shou,599,"7126,71e5",shousou,fretting;irritability
536,7901,reef,17,shou,600,"5ca9,7901",ganshou,reef
537,5c06,leader,10,shou,789,"5c06,8ecd",shougun,general
538,5968,exhort,13,shou,790,"5968,5b66,91d1",shougakukin,scholarship money
539,5b88,guard,6,shu,198,"4fdd,5b88,7684",hoshuteki,conservative
540,72e9,hunt,9,shu,258,"72e9,731f",shuryou,hunting
541,611f,emotion,13,kan,662,"611f,8b1d",kansha,thanks;gratitude
542,61be,remorse,16,kan,678,"907a,61be",ikan,regrettable
543,96c7,employ,12,ko,1164,"96c7,7528",koyou,employing;employment
544,9867,look back,21,ko,1165,"9867,554f",komon,advisor
545,7d2b,purple,12,shi,1475,"7d2b,5916,7dda",shigaisen,ultraviolet rays
546,96cc,female,14,shi,605,"96cc,96c4",shiyuu,males and females
547,5352,graduate,8,sotsu,1102,"5352,696d",sotsugyou,graduation (from school)
548,7387,ratio,11,sotsu,1874,"7387,5148",sossen,pioneer;forerunner
549,5230,arrival,8,tou,817,"5230,5e95",toutei,absolutely;(not) at all
550,5012,overthrow,10,tou,1055,"5352,5012",sottou,swoon;fainting fit
551,673a,desk,6,ki,223,"673a,6b62",kijou,desktop;on a desk
552,98e2,hungry,10,ki,1585,"98e2,9913",kiga,starvation
553,796d,ritual,11,sai,1183,"53f8,796d",shisai,priest;ritual celebrant
554,969b,occasion,14,sai,1392,"56fd,969b",sokusai,international
555,5bc6,secrecy,11,mitsu,837,"7d98,5bc6",himitsu,secret
556,871c,honey,14,mitsu,838,"871c,623f",mitsubou,honeycomb
557,5854,pagoda,12,tou,270,"91d1,5b57,5854",kinjitou,pyramid;monumental work
558,642d,board,12,tou,698,"642d,4e57",toujou,boarding (a vessel)
559,5ea7,sit,10,za,1100,"5ea7,5e2d",zaseki,seat
560,632b,sprain,10,za,1101,"637b,632b",nenza,sprain
561,5ff5,wish,8,nen,1715,"8a18,5ff5",kinen,commemoration
562,637b,wrench,11,nen,1716,"637b,632b",nenza,sprain
563,75be,rapidly,10,shitsu,1819,"75be,98a8,8fc5,96f7,7684",shippoujinraiteki,lightning fast
564,5ac9,envy,13,shitsu,1820,"5ac9,59ac",shitto,jealousy
565,5c31,concerning,12,shuu,2121,"5c31,8077",shuushoku,taking up a job
566,8e74,kick,19,shuu,2122,"8e74,7403",shuukyuu,soccer (old term)
567,8a03,obituary,9,fu,363,"8a03,5831",fuhou,death notice
568,8d74,proceed,9,fu,412,"8d74,4efb",funin,post;assignment
569,635c,search,10,sou,1201,"635c,7d22",sousaku,manhunt;search
570,75e9,lose weight,12,sou,1818,"75e9,8eab",soushin,slender body
571,4f1a,meeting,6,kai,814,"4f1a,8a08",kaikei,accounts;accountant
572,7d75,picture,12,kai,1446,"7d75,753b",kaiga,picture;painting
573,4f1a,meeting,6,e,814,"4f1a,91c8",eshoku,salutations;a bow
574,7d75,picture,6,e,1446,"7d75,672c",ehon,picture book
575,5727,pressure,6,atsu,163,"5727,8feb",appaku,oppression
576,57df,range,11,iki,380,"5883,57df",kyouiki,precincts
577,80b2,bring up,8,iku,821,"6559,80b2",kyouiku,education
578,9b31,gloom,29,utsu,2120,"9b31,75c5",utsubyou,clinical depression
579,4e59,fish guts,1,otsu,75,"7532,4e59,4e19",kouotsuhei,"A,B,C"
580,83ca,chrysanthemum,11,kiku,996,"83ca",kiku,chrysanthemum
581,5409,good luck,6,kichi,342,"5409,65e5",kichijitsu,lucky day
582,811a,shins,11,kya,1498,"811a,7acb",kyatatsu,stepladder
583,725b,cow,4,gyuu,260,"725b,4e73",gyuunyuu,cow's milk
584,7389,jewel,5,gyoku,272,"5b9d,7389",hougyoku,gems
585,7a7a,empty,8,kuu,1414,"7a7a,6c17",kuuki,air
586,6708,moon,4,getsu,13,"4e09,30b1,6708",sankagetsu,3 months
587,65e9,early,6,satsu,26,"65e9,901f",sassoku,in a hurry
588,96d1,miscellaneous,14,zatsu,604,"96d1,8a8c",zasshi,magazine
589,8ef8,axis,12,jiku,1193,"8eca,8ef8",shajiku,axle;wheel
590,51fa,exit,5,shutsu,829,"51fa,52e4",shukkin,showing up at work
591,8fb1,embarrass,10,joku,2165,"5c48,8fb1",kutsujoku,humiliation;disgrace
592,662f,just so,9,ze,414,"662f,975e",zehi,by all means;at any cost
593,7bc0,node,13,zechi,1574,"304a,7bc0,6599,7406",ozechiryouri,New Year's dishes
594,66fd,formerly,11,zo,540,"672a,66fd,6709",mizou,unprecedented
595,5b58,suppose,6,zon,739,"4fdd,5b58",hozon,preservation;conservation
596,9054,accomplished,12,tatsu,591,"9054,4eba",tatsujin,expert
597,8336,tea,9,cha,267,"7d05,8336",koucha,black tea
598,5f1f,younger brother,7,de,1328,"5f1f,5b50",deshi,disciple
599,6ce5,mud,8,dei,1135,"6ce5,9154",deisui,dead drunk
600,6eba,drowning,13,deki,1324,"6eba,6b7b",dekishi,death by drowning
601,7d0d,settlement,10,natsu,1456,"7d0d,8c46",nattou,fermented soybeans
602,8089,meat,6,niku,1098,"8089,89aa",nikushin,blood relative
603,65e5,day,4,nichi,12,"4e00,65e5",ichinichi,one day
604,82e5,young,8,nyaku,237,"8001,82e5",roun_yaku,young and old
605,5be7,rather,14,nei,897,"4e01,5be7",teinei,politeness;courtesy;civility
606,71b1,heat,15,netsu,1634,"71b1,5e2f",nettai,the tropics
607,516b,eight,2,hachi,8,"5c3a,516b",shakuhachi,shakuhachi flute
608,7f70,penalty,14,bachi,896,"7f70,5f53,305f,308a",bachiotari,cursed;damned
609,767e,hundred,6,hyaku,38,"4e8c,767e",nihyaku,two hundred
610,767d,white,6,byaku,37,"9ed2,767d",kokubyaku,black and white;good and bad
611,7c73,rice,6,bei,987,"7c73,56fd",beikoku,America
612,5317,north,5,hoku,480,"5317,6d77,9053",hokkaidou,Hokkaido
613,8108,vein,10,myaku,2000,"52d5,8108",doumyaku,artery
614,6ec5,destroy,13,metsu,390,"6ec5,4ea1",metsubou,downfall;destruction
615,52ff,not,4,mochi,1128,"52ff,8ad6",mochiron,obvious;beyond dispute
615,8ad6,argument,15,ron,1128,"52ff,8ad6",mochiron,obvious;beyond dispute
616,7269,thing,8,motsu,1129,"98df,7269",chokumotsu,foodstuffs
617,8fa3,bitter,14,ratsu,1798,"8fa3,8155",ratsuwan,shrewdness
618,529b,power,2,riki,922,"99ac,529b",bariki,horsepower
619,9678,land,11,riku,1631,"9678,4e0a",rikujou,on shore
620,5f8b,rhythm,9,richi,939,"5f8b,7fa9",richigi,honesty;integrity
621,7565,abbreviation,11,ryaku,314,"7565,8a9e",ryakugo,abbreviation
622,8cc4,bribe,13,wai,84,"53ce,8cc4",shuuwai,accepting a bribe
623,60d1,beguile,12,waku,661,"8ff7,60d1",waiwaku,trouble;inconvenience
624,660c,prosperous,8,,25,,,
625,65ed,rising sun,6,,27,,,
626,4e98,span,6,,32,,,
627,8098,elbow,7,,46,,,
628,53ea,only,6,,55,,,
629,8c9d,shellfish,7,,56,,,
630,5504,pop song,10,,57,,,
631,9801,page,9,,64,,,
632,808c,texture,6,,70,,,
633,6c50,eventide,6,,115,,,
634,57fc,cape,11,,164,,,
635,57a3,hedge,9,,165,,,
636,7551,farm,9,,178,,,
637,9bc9,carp,18,,188,,,
638,67cf,oak,9,,211,,,
639,67a0,frame,8,,212,,,
640,68a2,treetops,11,,213,,,
641,68da,shelf,12,,214,,,
642,674f,apricot,7,,215,,,
643,67ff,persimmon,9,,441,,,
644,682a,stocks,10,,236,,,
645,837b,reed,10,,257,,,
646,8fbb,crossing,5,,297,,,
647,5e4c,canopy,13,,438,,,
648,30d2,spoon,2,,476,,,
649,5302,aroma,4,,478,,,
650,9803,about that time,11,,479,,,
651,4e5e,beg,3,,501,,,
652,8328,briar,9,,511,,,
653,6803,horse chestnut,9,,553,,,
654,8679,rainbow,9,,559,,,
655,6edd,waterfall,13,,576,,,
656,8ab0,who,15,,598,,,
657,66f0,sayeth,4,,620,,,
658,4e32,shish kebab,7,,649,,,
659,639b,hang,11,,727,,,
660,6271,handle,6,,645,,,
661,53c8,or again,2,,752,,,
662,722a,claw,4,,784,,,
663,5ce0,mountain pass,9,,835,,,
664,5d50,storm,12,,839,,,
665,5d0e,promontory,11,,840,,,
666,8fbc,crowded,5,,843,,,
667,59eb,princess,10,,912,,,
668,8107,armpit,10,,953,,,
669,6841,girder,10,,956,,,
670,68a8,pear,11,,973,,,
671,8b0e,riddle,16,,994,,,
672,819d,knee,15,,1002,,,
673,7b20,bamboo hat,11,,1009,,,
674,7b39,bamboo grass,11,,1010,,,
675,7bb1,box,15,,1013,,,
676,4f46,however,7,,1026,,,
677,4ffa,myself,10,,1091,,,
678,755d,furrow,10,,1093,,,
679,5301,monme,4,,1104,,,
680,585a,hillock,12,,1117,,,
681,5c3b,buttocks,5,,1134,,,
682,5800,ditch,11,,1142,,,
683,636e,set,11,,1144,,,
684,88fe,hem,13,,1145,,,
685,5c4a,deliver,8,,1191,,,
686,5cac,headland,8,,1196,,,
687,5eff,twenty,4,,1274,,,
688,829d,turf,6,,1301,,,
689,5f25,more and more,8,,1322,,,
690,7bb8,chopsticks,14,,1348,,,
691,6e1a,strand,11,,1353,,,
692,982c,cheek,15,,1358,,,
693,91dc,cauldron,10,,1367,,,
694,934b,pot,17,,1388,,,
695,7aaa,depression,14,,1421,,,
696,7e70,winding,19,,1469,,,
697,5378,wholesale,9,,1499,,,
698,9149,sign of the bird,7,,1534,,,
699,76bf,dish,5,,1555,,,
700,5a18,daughter,10,,1581,,,
701,576a,two-mat area,8,,1598,,,
702,5208,reap,4,,1600,,,
703,6893,catalpa,11,,1614,,,
704,83f1,diamond,11,,1635,,,
705,4ea5,sign of the hog,6,,1637,,,
706,6f2c,pickling,14,,1665,,,
707,693f,camellia,13,,1691,,,
708,938c,sickle,18,,1725,,,
709,6817,chestnut,10,,1735,,,
710,6960,camphor,13,,1741,,,
711,95c7,pitch dark,17,,1748,,,
712,828b,potato,6,,1784,,,
713,702c,rapids,19,,1795,,,
714,6749,cedar,7,,1849,,,
715,5f66,lad,9,,1852,,,
716,868a,mosquito,10,,1864,,,
717,4e3c,donburi,5,,1947,,,
718,6d66,bay,10,,1980,,,
719,84b2,bullrush,13,,1981,,,
720,6795,pillow,8,,2034,,,
721,9db4,crane,21,,2093,,,
722,8526,vine,14,,2095,,,
723,9ce9,pigeon,13,,2096,,,
724,5ca1,Mount,8,,2112,,,
725,99d2,pony,15,,2133,,,
726,865e,uneasiness,13,,2150,,,
727,9e7f,deer,11,,2154,,,
728,718a,bear,14,,2159,,,
729,5bc5,sign of the tiger,11,,2162,,,
730,54b2,blossom,9,,2174,,,
731,4e14,moreover,5,,2190,,,
732,6f5f,lagoon,15,,2195,,,
733,4e11,sign of the cow,4,,2197,,,
734,536f,sign of the hare,5,,2199,,,
735,5df3,sign of the snake,3,,2200,,,
736,6b21,next,6,shi,510,"6b21,7bc2",shidai,gradually;little by little
737,59ff,figure,9,shi,513,"59ff,52e2",shisei,posture
738,8cc7,assets,13,shi,512,"8cc7,672c",shihan,capital;funds
739,6063,selfish,10,shi,641,"6063,610f",shii,arbitrariness;whim
740,8aee,consult with,16,shi,514,"8aee,554f",shimon,consultation
741,76d7,steal,11,tou,1559,"7a83,76d7",settou,larceny;theft
742,4ea4,mingle,6,kou,1368,"793e,4ea4",shakou,social life;socializing
743,6821,exam,10,kou,1371,"6821,6b4c",kouka,school song
744,52b9,merit,8,kou,1369,"52b9,529b",kouryoku,efficacy;validity
745,90ca,outskirts,9,kou,1987,"90ca,5916",kougai,suburbs (outlying)
746,7d5e,strangle,12,kou,1448,"7d5e,6bba",kousatsu,death by strangulation
747,8f03,contrast,13,kaku,1370,"6bd4,8f03",hikaku,comparison
748,53ec,seduce,5,shou,90,"53ec,559a",shoukan,summons
749,662d,shining,9,shou,91,"662d,548c",shouwa,Shouwa (1926-1989)
750,7167,illuminate,13,shou,182,"7167,660e",shoumei,illuminate;lighting
751,62db,beckon,8,shou,702,"62db,8acb",shousei,invitation
752,7d39,introduce,11,shou,1459,"7d39,4ecb",shoukai,introduction
753,6cbc,marsh,8,shou,145,"6e56,6cbc",koshou,lakes and marshes
754,8a54,imperial edict,12,shou,366,"8a54,66f8",shousho,imperial edict
755,8d85,transcend,12,chou,411,"8d85,904e",chouka,excess
756,4ee4,orders,5,rei,1503,"4ee4,5b22",reijou,young lady
757,51b7,cool,7,rei,1506,"51b7,5374",reikyaku,refrigeration;cooling
758,96f6,zero,13,rei,1504,"96f6,6642",reiji,midnight
759,9234,small bell,13,rei,1508,"96fb,9234",denrei,electric bell
760,9f62,age,17,rei,1505,"9ad8,9f62",kourei,advanced age
761,9818,jurisdiction,14,ryou,1507,"9818,571f",ryoudo,territory;dominion
762,4f5c,make,7,saku,1224,"4f5c,6587",sakubun,composition (written)
763,6628,yesterday,8,saku,1222,"6628,5e74",sakunen,last year
764,9162,vinegar,12,saku,1542,"9162,9178",sakusan,acetic acid
765,643e,squeeze,13,saku,1422,"643e,53d6",sakushu,exploitation;squeezing
766,8a50,lie,12,sa,1223,"8a50,6b3a",sagi,fraud;swindle
767,5893,grave,13,bo,246,"5893,5730",bochi,cemetery
768,66ae,livelihood,14,bo,247,"66ae,6b73",seibo,end-of-the-year present
769,6a21,imitation,14,bo,244,"898f,6a21",kibo,scale;size
770,52df,recruit,12,bo,925,"52df,96c6",boshuu,recruiting
771,6155,pining,14,bo,683,"601d,6155",shibo,longing;yearning
772,819c,membrane,14,maku,248,"819c,72b6",makujou,filmy
773,5e55,curtain,13,baku,437,"5e55,5e9c",bakufu,Shogunate
773,5e55,curtain,13,maku,437,"958b,5e55",kaimaku,curtain raising
774,6f20,vague,13,baku,245,"6f20,7136",bakuzen,vague
775,751f,life,5,sei,1675,"5148,751f",sensei,teacher
776,6027,sex,8,sei,1679,"5973,6027",josei,woman
777,661f,star,9,sei,1676,"661f,5ea7",seiza,zodiac sign
778,9192,awakening,8,sei,1677,"899a,9192,5264",kakuseizai,stimulant drug
779,59d3,surname,8,sei,1678,"59d3,540d",seimei,full name
780,7272,animal sacrifice,16,sei,1680,"72a0,7272",gisei,sacrifice
781,7523,products,11,san,1681,"4e0d,52d5,7523",fudousan,real estate
782,5fa9,restore,12,fuku,940,"5fa9,7fd2",fukushuu,review
783,8907,duplicate,14,fuku,504,"8907,96d1",fukuzatsu,complicated
784,8179,abdomen,13,fuku,503,"7a7a,8179",kuufuku,empty stomach
785,8986,capsize,18,fuku,1738,"8986,9762",fukumen,mask;disguise
786,5c65,footgear,15,ri,1137,"5c65,6b74",rireki,personal history
787,5947,strange,8,ki,133,"5947,6570",kisuu,odd number
788,5bc4,draw near,11,ki,204,"5bc4,4ed8",kifu,donation
789,9a0e,equestrian,18,ki,2135,"9a0e,58eb",kishi,knight
790,6905,chair,12,i,218,"6905,5b50",isu,chair
791,65e6,nightbreak,5,tan,30,"5143,65e6",gantan,New Year's Day
792,80c6,gall bladder,9,tan,31,"5927,80c6",daitan,bold;daring
793,62c5,shouldering,8,tan,721,"62c5,67b6",tanka,stretcher
794,58c7,podium,16,tan,631,"571f,58c7,5834",dotanba,execution place
795,663c,daytime,9,chuu,1156,"663c,98d5",chuushoku,lunch
796,7d4c,sutra,11,kei,1460,"7d4c,9a13",keiken,experience
797,8efd,lightly,12,kei,774,"8efd,98df",keishoku,snack;light meal
798,830e,stalk,8,kei,772,"82b1,830e",kakei,flower stem
799,5f84,diameter,8,kei,947,"5f84,8def",keiro,route;course
800,602a,suspicious,8,kai,773,"5947,602a",kikai,strange;weird
801,8096,resemblance,7,shou,119,"8096,50cf,753b",shouzouga,portrait
802,6d88,extinguish,10,shou,155,"6d88,5316",shouka,digestion
803,785d,nitrate,12,shou,120,"785d,7159",shouen,gunpowder smoke
804,5bb5,wee hours,10,shou,201,"5fb9,5bb5",tesshou,all through the night
805,524a,plane,9,saku,124,"524a,6e1b",sakugen,reduction;curtailment
806,8fb0,sign of the dragon,7,shin,2164,"8fb0,5bbf",shinshuku,house of the Dragon (zodiac)
807,9707,quake,15,shin,2166,"9707,52d5",shintou,quake;shock
808,5a20,with child,10,shin,2168,"598a,5a20",ninshin,pregnancy
809,632f,shake,10,shin,2167,"4e09,632f",sanshin,three strikes
810,5507,lips,10,shin,2169,"53e3,5507",koushin,lips
811,8fb1,embarrass,10,joku,2165,"5c48,8fb1",kutsujoku,humiliation;disgrace
812,88c1,tailor,12,sai,424,"88c1,7e2b",saihou,sewing;needlework
813,8f09,load,13,sai,383,"8a18,8f09",kisai,mention (in the press)
814,683d,plantation,10,sai,382,"683d,57f9",saibai,cultivation;growing
815,7e4a,slender,17,sen,1929,"7e4a,7dad",sen:i,fiber;textiles
816,4f75,join,8,hei,1107,"4f75,7528",heiyou,joint use
817,5840,fence,12,hei,1136,"5840",hei,fence
818,9905,mochi,14,hei,1590,"714e,9905",senbei,rice crackers
819,74f6,flower pot,11,bin,1109,"82b1,74f6",kabin,flower vase
820,7968,ballot,11,hyou,1732,"6295,7968",touhyou,casting a vote
821,6f02,drift,14,hyou,1733,"6f02,767d",hyouhaku,bleaching
822,6a19,signpost,15,hyou,1734,"76ee,6a19",mokuhyou,target;aim
823,6144,shudder,13,ritsu,1736,"6226,6144",senritsu,shivering;trembling
824,798f,blessing,13,fuku,1171,"798f,7949",fukushi,welfare (social)
825,526f,vice-,11,fuku,93,"526f,8a5e",fukushi,adverb
826,5e45,hanging scroll,12,fuku,435,"5168,5e45",zenbuku,full extent;all
827,5bcc,wealth,12,fu,205,"5bcc,58eb,5c71",fujisan,Mt. Fuji
828,5104,hundred million,15,oku,1058,"4e00,5104,5186",ichiokuen,one hundred million yen
829,61b6,recollection,16,oku,679,"8a18,61b6",saoku,memory (of something)
830,81c6,cowardice,17,oku,655,"81c6,75c5",okubyou,cowardice
831,610f,idea,13,i,654,"7528,610f",youi,preparation;arrangements
832,65e8,delicious,6,shi,493,"8981,65e8",youshi,gist;essentials
833,6307,finger,9,shi,711,"6307,5c0e",shidou,guidance
834,8102,fat,10,shi,494,"8102,80aa",shibou,fat
835,8a63,visit a shrine,13,kei,495,"53c2,8a63",sankei,visit a shrine
836,56fa,harden,8,ko,622,"9811,56fa",ganko,stubborn;persistent
837,500b,individual,10,ko,1047,"500b,4eba",kojin,individual (an)
838,932e,weld,16,ko,623,"932e,75be",koshitsu,chronic disease
839,7b87,item,14,ka,2185,"4e00,7b87,6708",ikkagetsu,one month
840,89b3,outlook,18,kan,614,"89b3,5bdf",kansatsu,observation
841,52e7,persuade,13,kan,928,"52e7,5968",kanshou,encouragement;stimulation
842,6b53,delight,15,kan,612,"4ea4,6b53",koukan,exchange of courtesies
843,6a29,authority,15,ken,613,"6a29,5229",kenri,rights
843,6a29,authority,15,gon,613,"6a29,73fe",gongen,avatar
844,679c,fruit,8,ka,1202,"679c,6c42",kajuu,fruit juice
845,8ab2,chapter,15,ka,1204,"8ab2,9577",kachou,section head
846,83d3,confectionary,11,ka,1203,"83d3,5b50",kashi,confectionary
847,88f8,naked,13,ra,1205,"88f8,8eab",rashin,naked body
848,8cac,blame,11,seki,1661,"8cac,4efb",sekinin,responsibility
849,7a4d,volume,16,seki,1663,"7a4d,5584",sekizen,virtue
850,7e3e,exploits,17,seki,1662,"6210,7e3e",seiseki,results;showing
851,50b5,bond,13,sei,1664,"516c,50b5",kousei,public bonds
852,5217,file,6,retsu,875,"5217,8eca",ressha,train
853,70c8,ardent,10,retsu,877,"58ee,70c8",souretsu,heroic;sublime
854,88c2,split,12,retsu,876,"5206,88c2",bunretsu,dissolution;disruption
855,4f8b,example,8,rei,1046,"4f8b,5916",reigai,exception
856,66f4,grow late,7,kou,749,"66f4,751f",kousei,rebirth
857,6897,spiny,11,kou,751,"6897,6982",kougai,outline;resume
858,786c,stiff,12,kou,750,"786c,8c8a",kouka,coin
859,4fbf,convenience,12,bin,1066,"90f5,4fbf",yuubin,post;mail
859,4fbf,convenience,12,ben,1066,"4fbf,5229",benri,convenient
860,58c1,wall,16,heki,1616,"58c1,753b",hekiga,mural
861,74a7,holed gem,16,heki,1617,"5b8c,$",kanbeki,perfect;impeccable
862,7656,mannerism,18,heki,1826,"75c5,$",byouheki,weakness;bad habit
863,907f,evade,16,hi,1618,"4e0d,53ef,$",fukahi,unavoidable
864,8b04,facsimile,17,tou,1296,"$,672c",touhon,transcript;certified copy
865,9a30,inflation,20,tou,2144,"6cb8,$",futtou,boiling
866,85e4,wisteria,18,tou,1295,"845b,$",kattou,feud;discord
867,52dd,victory,12,shou,1294,"$,5229",shouri,victory
868,5076,accidentally,11,guu,2105,"$,50cf",guuzou,idol;image
869,9047,interview,12,guu,2106,"906d,$",souguu,encounter
870,9685,corner,12,guu,2108,"4e00,$",ichiguu,one corner
871,611a,foolish,13,gu,2107,"$,75f4",guchi,grumbling
872,82d1,garden,8,en,1523,"5fa1,$",gyoen,Emperor's Garden
873,6028,grudge,9,en,1524,"$,58f0",ensei,complaint;grudging
874,5b9b,address,8,en,1521,"$,8ee2",enten,smooth;fair (of face)
875,8155,arm,12,wan,1522,"$,529b",wanryoku,physical strength
876,7259,tusk,4,ga,2053,"$,57ce",gajou,stronghold (of conservatism)
877,82bd,bud,8,ga,2054,"767a,$",hatsuga,germination;sprout
878,96c5,gracious,12,ga,2056,"512a,$",yuuga,graceful
879,90aa,wicked,8,ja,2055,"$,9b54",jama,intrusion
880,56e0,cause,6,in,626,"539f,$",gen:in,source;cause
881,54bd,windpipe,9,in,628,"$,5589",inkou,throat
882,59fb,matrimony,9,in,627,"5a5a,$",konin,matrimony
883,6069,grace,10,on,652,"8b1d,$",jaon,expression of gratitude
884,517c,concurrently,10,ken,1723,"$,4efb",kengon,double post (appointment)
885,8b19,self-effacing,17,ken,1726,"$,8b72",kenjou,modesty
886,5acc,dislike,13,ken,1724,"$,7591",kengi,suspicion
886,5acc,dislike,13,gen,1724,"6a5f,$",kigen,mood;disposition
887,5ec9,bargain,13,ren,1727,"$,58f2",renzai,bargain;sale
888,5949,dedicate,8,hou,1695,"$,4ed5",houshi,service
889,4ff8,stipend,10,hou,1696,"5e74,$",nenbou,annual salary
890,68d2,rod,12,bou,1697,"9244,$",tetsubou,iron bar (or staff)
891,52a0,add,5,ka,932,"$,5165",kanyuu,admission;subscription
892,67b6,erect,9,ka,934,"$,7a7a",kakuu,fiction;make-believe
893,8cc0,congratulations,12,ga,933,"795d,$,4f1a",shukugakai,commemorative celebration